questionnaire,score_column,factor,factor_type,association,n
midas_result,midas_result_K10,gender,categorical,0.0003894588962166248,63
midas_result,midas_result_K10,birthyear,numeric,-0.1026602370724945,63
midas_result,midas_result_K10,postal_code_K10,numeric,-0.05034417845092621,63
midas_result,midas_result_K10,weight_K10,numeric,0.05017839497514645,63
midas_result,midas_result_K10,highest_degree_K10,categorical,0.13102668339175252,63
midas_result,midas_result_K10,highest_education_K10,categorical,0.05541602517631179,63
midas_result,midas_result_K10,family_status_K10,categorical,0.1327081493123556,63
midas_result,midas_result_K10,current_employed_K10,categorical,0.07801155580288097,63
midas_result,midas_result_K10,working_hours_model_K10,categorical,0.00490793467136698,53
midas_result,midas_result_K10,working_hours_reduced_K10,binary,0.25248472176250236,63
midas_result,midas_result_K10,promotion_waived_K10,binary,0.47518362423664273,63
midas_result,midas_result_K10,children_K10,numeric,-0.1062075615455452,31
midas_result,midas_result_K10,ch_max_birth_K10,numeric,-0.4360665490061647,31
midas_result,midas_result_K10,ch_min_birth_K10,numeric,-0.39844376414643173,31
midas_result,midas_result_K10,headache_days_per_month_K10,numeric,0.6807111295253189,63
midas_result,midas_result_K10,headache_days_severe_per_month_K10,numeric,0.6070065372339546,63
midas_result,midas_result_K10,days_medication_K10,numeric,0.40480008782174104,63
midas_result,midas_result_K10,intensity_K10,numeric,0.22876755091397946,63
midas_result,midas_result_K10,days_lost_work_K10,numeric,0.5159554800858088,63
midas_result,midas_result_K10,days_lost_household_K10,numeric,0.592862415385508,63
midas_result,midas_result_K10,days_doctor_K10,numeric,0.23749880205590984,63
midas_result,midas_result_K10,days_ER_K10,binary,0.2218500785242409,63
midas_result,midas_result_K10,days_hospital_K10,numeric,0.20094176807806718,63
dass_depression,dass_depression_K10,gender,categorical,0.01861391217562548,63
dass_depression,dass_depression_K10,birthyear,numeric,-0.08760338042106823,63
dass_depression,dass_depression_K10,postal_code_K10,numeric,-0.2932752507367045,63
dass_depression,dass_depression_K10,weight_K10,numeric,0.08724754869958495,63
dass_depression,dass_depression_K10,highest_degree_K10,categorical,0.07654196687151665,63
dass_depression,dass_depression_K10,highest_education_K10,categorical,0.048378990456813466,63
dass_depression,dass_depression_K10,family_status_K10,categorical,0.05601130283316393,63
dass_depression,dass_depression_K10,current_employed_K10,categorical,0.042219603009226905,63
dass_depression,dass_depression_K10,working_hours_model_K10,categorical,0.011736739881274024,53
dass_depression,dass_depression_K10,working_hours_reduced_K10,binary,0.11529381499667551,63
dass_depression,dass_depression_K10,promotion_waived_K10,binary,0.08721458351447892,63
dass_depression,dass_depression_K10,children_K10,numeric,0.2238506349760212,31
dass_depression,dass_depression_K10,ch_max_birth_K10,numeric,-0.29549266471568764,31
dass_depression,dass_depression_K10,ch_min_birth_K10,numeric,-0.3982341733566851,31
dass_depression,dass_depression_K10,headache_days_per_month_K10,numeric,0.3071856390289591,63
dass_depression,dass_depression_K10,headache_days_severe_per_month_K10,numeric,0.12076957393353985,63
dass_depression,dass_depression_K10,days_medication_K10,numeric,-0.07303668822749179,63
dass_depression,dass_depression_K10,intensity_K10,numeric,0.11624568603405118,63
dass_depression,dass_depression_K10,days_lost_work_K10,numeric,0.038739419886090955,63
dass_depression,dass_depression_K10,days_lost_household_K10,numeric,0.09260649913177188,63
dass_depression,dass_depression_K10,days_doctor_K10,numeric,-0.04104483887983751,63
dass_depression,dass_depression_K10,days_ER_K10,binary,0.13134779817521627,63
dass_depression,dass_depression_K10,days_hospital_K10,numeric,0.13048330705484132,63
dass_fear,dass_fear_K10,gender,categorical,0.05375668028921723,63
dass_fear,dass_fear_K10,birthyear,numeric,-0.12383345018503897,63
dass_fear,dass_fear_K10,postal_code_K10,numeric,-0.13918639178486752,63
dass_fear,dass_fear_K10,weight_K10,numeric,0.00948647292777147,63
dass_fear,dass_fear_K10,highest_degree_K10,categorical,0.03840218802635269,63
dass_fear,dass_fear_K10,highest_education_K10,categorical,0.013437057991513433,63
dass_fear,dass_fear_K10,family_status_K10,categorical,0.14399104289060133,63
dass_fear,dass_fear_K10,current_employed_K10,categorical,0.009502470446578454,63
dass_fear,dass_fear_K10,working_hours_model_K10,categorical,0.0018204957101463006,53
dass_fear,dass_fear_K10,working_hours_reduced_K10,binary,0.29734370044753555,63
dass_fear,dass_fear_K10,promotion_waived_K10,binary,0.22327962266265503,63
dass_fear,dass_fear_K10,children_K10,numeric,0.17083639570076525,31
dass_fear,dass_fear_K10,ch_max_birth_K10,numeric,-0.4745171719805892,31
dass_fear,dass_fear_K10,ch_min_birth_K10,numeric,-0.5088510588130339,31
dass_fear,dass_fear_K10,headache_days_per_month_K10,numeric,0.35868015999279423,63
dass_fear,dass_fear_K10,headache_days_severe_per_month_K10,numeric,0.24114994034217932,63
dass_fear,dass_fear_K10,days_medication_K10,numeric,0.022059740173258433,63
dass_fear,dass_fear_K10,intensity_K10,numeric,0.060848865826872926,63
dass_fear,dass_fear_K10,days_lost_work_K10,numeric,0.31167622579076454,63
dass_fear,dass_fear_K10,days_lost_household_K10,numeric,0.14105447324287507,63
dass_fear,dass_fear_K10,days_doctor_K10,numeric,-0.07382879047260868,63
dass_fear,dass_fear_K10,days_ER_K10,binary,0.013873821018339541,63
dass_fear,dass_fear_K10,days_hospital_K10,numeric,0.1428412132592065,63
dass_stress,dass_stress_K10,gender,categorical,0.0996345732225487,63
dass_stress,dass_stress_K10,birthyear,numeric,-0.1379083047847936,63
dass_stress,dass_stress_K10,postal_code_K10,numeric,-0.21247309000248718,63
dass_stress,dass_stress_K10,weight_K10,numeric,-0.009726334414156,63
dass_stress,dass_stress_K10,highest_degree_K10,categorical,0.04070979091541013,63
dass_stress,dass_stress_K10,highest_education_K10,categorical,0.03308978763919361,63
dass_stress,dass_stress_K10,family_status_K10,categorical,0.01967959827512256,63
dass_stress,dass_stress_K10,current_employed_K10,categorical,0.07211783547460131,63
dass_stress,dass_stress_K10,working_hours_model_K10,categorical,0.00021837225643567325,53
dass_stress,dass_stress_K10,working_hours_reduced_K10,binary,0.17427080971338632,63
dass_stress,dass_stress_K10,promotion_waived_K10,binary,0.326954435160226,63
dass_stress,dass_stress_K10,children_K10,numeric,0.17110514124547288,31
dass_stress,dass_stress_K10,ch_max_birth_K10,numeric,-0.3205856165336974,31
dass_stress,dass_stress_K10,ch_min_birth_K10,numeric,-0.4150852516006352,31
dass_stress,dass_stress_K10,headache_days_per_month_K10,numeric,0.39001975289745316,63
dass_stress,dass_stress_K10,headache_days_severe_per_month_K10,numeric,0.2906901067520371,63
dass_stress,dass_stress_K10,days_medication_K10,numeric,0.12226287843798075,63
dass_stress,dass_stress_K10,intensity_K10,numeric,0.22695191389427877,63
dass_stress,dass_stress_K10,days_lost_work_K10,numeric,0.08373738115217837,63
dass_stress,dass_stress_K10,days_lost_household_K10,numeric,0.24823509037621747,63
dass_stress,dass_stress_K10,days_doctor_K10,numeric,-0.05137271250924787,63
dass_stress,dass_stress_K10,days_ER_K10,binary,0.06761395720188632,63
dass_stress,dass_stress_K10,days_hospital_K10,numeric,0.127765496176612,63
vr12_msc,vr12_msc_K10,gender,categorical,0.03016161414771357,63
vr12_msc,vr12_msc_K10,birthyear,numeric,0.14473088782986543,63
vr12_msc,vr12_msc_K10,postal_code_K10,numeric,0.234230225654046,63
vr12_msc,vr12_msc_K10,weight_K10,numeric,0.07269890394627126,63
vr12_msc,vr12_msc_K10,highest_degree_K10,categorical,0.04937131944804409,63
vr12_msc,vr12_msc_K10,highest_education_K10,categorical,0.0406534992012402,63
vr12_msc,vr12_msc_K10,family_status_K10,categorical,0.040833234296291675,63
vr12_msc,vr12_msc_K10,current_employed_K10,categorical,0.02138165888429119,63
vr12_msc,vr12_msc_K10,working_hours_model_K10,categorical,0.020905340696476194,53
vr12_msc,vr12_msc_K10,working_hours_reduced_K10,binary,-0.029176576135086788,63
vr12_msc,vr12_msc_K10,promotion_waived_K10,binary,-0.13173582769806869,63
vr12_msc,vr12_msc_K10,children_K10,numeric,-0.11076940801120169,31
vr12_msc,vr12_msc_K10,ch_max_birth_K10,numeric,0.21701407414295038,31
vr12_msc,vr12_msc_K10,ch_min_birth_K10,numeric,0.30861044678663113,31
vr12_msc,vr12_msc_K10,headache_days_per_month_K10,numeric,-0.4411330576849761,63
vr12_msc,vr12_msc_K10,headache_days_severe_per_month_K10,numeric,-0.1882332367446022,63
vr12_msc,vr12_msc_K10,days_medication_K10,numeric,0.013500228831468272,63
vr12_msc,vr12_msc_K10,intensity_K10,numeric,-0.13896866325651414,63
vr12_msc,vr12_msc_K10,days_lost_work_K10,numeric,-0.08928161695030466,63
vr12_msc,vr12_msc_K10,days_lost_household_K10,numeric,-0.11771054825204004,63
vr12_msc,vr12_msc_K10,days_doctor_K10,numeric,0.04470172012355344,63
vr12_msc,vr12_msc_K10,days_ER_K10,binary,-0.16365713470371793,63
vr12_msc,vr12_msc_K10,days_hospital_K10,numeric,-0.2008645866778403,63
vr12_psc,vr12_psc_K10,gender,categorical,0.04345089636778325,63
vr12_psc,vr12_psc_K10,birthyear,numeric,0.25563918809716646,63
vr12_psc,vr12_psc_K10,postal_code_K10,numeric,0.1857886424143706,63
vr12_psc,vr12_psc_K10,weight_K10,numeric,-0.046544590633588935,63
vr12_psc,vr12_psc_K10,highest_degree_K10,categorical,0.08918677850997087,63
vr12_psc,vr12_psc_K10,highest_education_K10,categorical,0.04592243652344132,63
vr12_psc,vr12_psc_K10,family_status_K10,categorical,0.038259955944527274,63
vr12_psc,vr12_psc_K10,current_employed_K10,categorical,0.1716551337057644,63
vr12_psc,vr12_psc_K10,working_hours_model_K10,categorical,0.03582226341039985,53
vr12_psc,vr12_psc_K10,working_hours_reduced_K10,binary,-0.3871222056732167,63
vr12_psc,vr12_psc_K10,promotion_waived_K10,binary,-0.40156250711064945,63
vr12_psc,vr12_psc_K10,children_K10,numeric,0.056458050982453566,31
vr12_psc,vr12_psc_K10,ch_max_birth_K10,numeric,0.4225106415576437,31
vr12_psc,vr12_psc_K10,ch_min_birth_K10,numeric,0.46018728705511414,31
vr12_psc,vr12_psc_K10,headache_days_per_month_K10,numeric,-0.5127352383221081,63
vr12_psc,vr12_psc_K10,headache_days_severe_per_month_K10,numeric,-0.4149917679037191,63
vr12_psc,vr12_psc_K10,days_medication_K10,numeric,-0.2592092236997298,63
vr12_psc,vr12_psc_K10,intensity_K10,numeric,0.006551449424465879,63
vr12_psc,vr12_psc_K10,days_lost_work_K10,numeric,-0.30662242759534897,63
vr12_psc,vr12_psc_K10,days_lost_household_K10,numeric,-0.4305555822357496,63
vr12_psc,vr12_psc_K10,days_doctor_K10,numeric,-0.1687415925193739,63
vr12_psc,vr12_psc_K10,days_ER_K10,binary,-0.01637077199174378,63
vr12_psc,vr12_psc_K10,days_hospital_K10,numeric,-0.16103934998010952,63
gvas_result,gvas_result_K10,gender,categorical,0.006604547683296586,63
gvas_result,gvas_result_K10,birthyear,numeric,0.04442762252093225,63
gvas_result,gvas_result_K10,postal_code_K10,numeric,-0.005116271134798671,63
gvas_result,gvas_result_K10,weight_K10,numeric,0.053489685646309064,63
gvas_result,gvas_result_K10,highest_degree_K10,categorical,0.050858181475230795,63
gvas_result,gvas_result_K10,highest_education_K10,categorical,1.0870455088205172e-05,63
gvas_result,gvas_result_K10,family_status_K10,categorical,0.07079536638632651,63
gvas_result,gvas_result_K10,current_employed_K10,categorical,0.011790796700175897,63
gvas_result,gvas_result_K10,working_hours_model_K10,categorical,0.0003939855827884033,53
gvas_result,gvas_result_K10,working_hours_reduced_K10,binary,-0.2190570489785003,63
gvas_result,gvas_result_K10,promotion_waived_K10,binary,-0.3014804072221914,63
gvas_result,gvas_result_K10,children_K10,numeric,0.09461911528204857,31
gvas_result,gvas_result_K10,ch_max_birth_K10,numeric,0.29963646150659384,31
gvas_result,gvas_result_K10,ch_min_birth_K10,numeric,0.31435845796289374,31
gvas_result,gvas_result_K10,headache_days_per_month_K10,numeric,-0.4438498247657425,63
gvas_result,gvas_result_K10,headache_days_severe_per_month_K10,numeric,-0.37572351303830354,63
gvas_result,gvas_result_K10,days_medication_K10,numeric,0.012347517931128182,63
gvas_result,gvas_result_K10,intensity_K10,numeric,-0.1229106835549725,63
gvas_result,gvas_result_K10,days_lost_work_K10,numeric,-0.24051953695158484,63
gvas_result,gvas_result_K10,days_lost_household_K10,numeric,-0.2763624050166112,63
gvas_result,gvas_result_K10,days_doctor_K10,numeric,-0.058602046912315284,63
gvas_result,gvas_result_K10,days_ER_K10,binary,-0.0403124661710077,63
gvas_result,gvas_result_K10,days_hospital_K10,numeric,-0.1736159449142219,63
pgic_result,pgic_result_K10,gender,categorical,0.001134301270417426,63
pgic_result,pgic_result_K10,birthyear,numeric,0.015441790276910186,63
pgic_result,pgic_result_K10,postal_code_K10,numeric,0.26354163085414245,63
pgic_result,pgic_result_K10,weight_K10,numeric,-0.0631035494565374,63
pgic_result,pgic_result_K10,highest_degree_K10,categorical,0.03361630455941974,63
pgic_result,pgic_result_K10,highest_education_K10,categorical,0.059603280564562294,63
pgic_result,pgic_result_K10,family_status_K10,categorical,0.028217333952043046,63
pgic_result,pgic_result_K10,current_employed_K10,categorical,0.029359141184124908,63
pgic_result,pgic_result_K10,working_hours_model_K10,categorical,0.027476752180048532,53
pgic_result,pgic_result_K10,working_hours_reduced_K10,binary,0.051192671889367276,63
pgic_result,pgic_result_K10,promotion_waived_K10,binary,0.360726513354043,63
pgic_result,pgic_result_K10,children_K10,numeric,0.47644135382685204,31
pgic_result,pgic_result_K10,ch_max_birth_K10,numeric,-0.03873247041541889,31
pgic_result,pgic_result_K10,ch_min_birth_K10,numeric,-0.18762877639882636,31
pgic_result,pgic_result_K10,headache_days_per_month_K10,numeric,0.4013093119081517,63
pgic_result,pgic_result_K10,headache_days_severe_per_month_K10,numeric,0.3088577458689237,63
pgic_result,pgic_result_K10,days_medication_K10,numeric,0.25374570086007786,63
pgic_result,pgic_result_K10,intensity_K10,numeric,0.19629432760543356,63
pgic_result,pgic_result_K10,days_lost_work_K10,numeric,0.13456330806636466,63
pgic_result,pgic_result_K10,days_lost_household_K10,numeric,0.15880050601661128,63
pgic_result,pgic_result_K10,days_doctor_K10,numeric,-0.11314895289279316,63
pgic_result,pgic_result_K10,days_ER_K10,binary,0.21623201168076714,63
pgic_result,pgic_result_K10,days_hospital_K10,numeric,0.13972745546162949,63
midas_result,midas_result_K11,gender,categorical,0.0056488052745055,60
midas_result,midas_result_K11,birthyear,numeric,-0.0667881412670714,60
dass_depression,dass_depression_K11,gender,categorical,0.007875312641543774,60
dass_depression,dass_depression_K11,birthyear,numeric,-0.04066584910839599,60
dass_fear,dass_fear_K11,gender,categorical,0.05237490814349654,60
dass_fear,dass_fear_K11,birthyear,numeric,-0.09915036543240797,60
dass_stress,dass_stress_K11,gender,categorical,0.0007356792673811578,60
dass_stress,dass_stress_K11,birthyear,numeric,-0.28206732433743553,60
vr12_msc,vr12_msc_K11,gender,categorical,0.004494951218514377,60
vr12_msc,vr12_msc_K11,birthyear,numeric,0.0870387647107664,60
vr12_psc,vr12_psc_K11,gender,categorical,0.014167507043427964,60
vr12_psc,vr12_psc_K11,birthyear,numeric,0.15258201340829874,60
gvas_result,gvas_result_K11,gender,categorical,0.027357426599713356,60
gvas_result,gvas_result_K11,birthyear,numeric,0.047793252187852915,60
pgic_result,pgic_result_K11,gender,categorical,0.10351462075600014,60
pgic_result,pgic_result_K11,birthyear,numeric,0.0057603024934204505,60
midas_result,midas_result_K12,gender,categorical,0.01829333657927237,47
midas_result,midas_result_K12,birthyear,numeric,-0.2080799807560546,47
dass_depression,dass_depression_K12,gender,categorical,0.00596167494677076,47
dass_depression,dass_depression_K12,birthyear,numeric,-0.2346284225450469,47
dass_fear,dass_fear_K12,gender,categorical,0.05538720538720537,47
dass_fear,dass_fear_K12,birthyear,numeric,-0.028147397948561637,47
dass_stress,dass_stress_K12,gender,categorical,0.05605322986996596,47
dass_stress,dass_stress_K12,birthyear,numeric,-0.31838219152291913,47
vr12_msc,vr12_msc_K12,gender,categorical,0.05888757762168874,47
vr12_msc,vr12_msc_K12,birthyear,numeric,0.20064272103446898,47
vr12_psc,vr12_psc_K12,gender,categorical,0.026132724176741586,47
vr12_psc,vr12_psc_K12,birthyear,numeric,0.10599446688231758,47
gvas_result,gvas_result_K12,gender,categorical,0.04227935274074532,47
gvas_result,gvas_result_K12,birthyear,numeric,0.16122876752259258,47
pgic_result,pgic_result_K12,gender,categorical,0.111904761904762,47
pgic_result,pgic_result_K12,birthyear,numeric,-0.018595254477628404,47
midas_result,midas_result_K13,birthyear,numeric,-0.029465936309893304,37
dass_depression,dass_depression_K13,birthyear,numeric,-0.12686459887515775,37
dass_fear,dass_fear_K13,birthyear,numeric,-0.011561379742929848,37
dass_stress,dass_stress_K13,birthyear,numeric,-0.3612152621610705,37
vr12_msc,vr12_msc_K13,birthyear,numeric,0.2648545683426516,37
vr12_psc,vr12_psc_K13,birthyear,numeric,0.09319176878035924,37
gvas_result,gvas_result_K13,birthyear,numeric,0.10824621682206,37
pgic_result,pgic_result_K13,birthyear,numeric,0.02078396640001385,37
midas_result,midas_result_K1,gender,categorical,1.0051432643324271e-06,814
midas_result,midas_result_K1,birthyear,numeric,-0.04151285220486265,814
dass_depression,dass_depression_K1,gender,categorical,4.4265119138866826e-05,814
dass_depression,dass_depression_K1,birthyear,numeric,-0.05512469773723169,814
dass_fear,dass_fear_K1,gender,categorical,0.00039409988958740664,814
dass_fear,dass_fear_K1,birthyear,numeric,-0.007057372390947599,814
dass_stress,dass_stress_K1,gender,categorical,0.0019495298494077984,814
dass_stress,dass_stress_K1,birthyear,numeric,-0.03250215435842852,814
vr12_msc,vr12_msc_K1,gender,categorical,0.001711733171855957,814
vr12_msc,vr12_msc_K1,birthyear,numeric,0.0330905970317591,814
vr12_psc,vr12_psc_K1,gender,categorical,0.002619225176310772,814
vr12_psc,vr12_psc_K1,birthyear,numeric,0.23231771778121796,814
gvas_result,gvas_result_K1,gender,categorical,0.0010733076091608731,814
gvas_result,gvas_result_K1,birthyear,numeric,0.08103362434136241,814
midas_result,midas_result_K2,gender,categorical,0.0005896183247043803,312
midas_result,midas_result_K2,birthyear,numeric,-0.014997510817285002,312
dass_depression,dass_depression_K2,gender,categorical,2.887312153189418e-05,312
dass_depression,dass_depression_K2,birthyear,numeric,0.022583144454509114,312
dass_fear,dass_fear_K2,gender,categorical,0.0025726046894106068,312
dass_fear,dass_fear_K2,birthyear,numeric,0.03938510390635474,312
dass_stress,dass_stress_K2,gender,categorical,0.003925004616711318,312
dass_stress,dass_stress_K2,birthyear,numeric,0.040630215672256866,312
vr12_msc,vr12_msc_K2,gender,categorical,0.0050705893315591,312
vr12_msc,vr12_msc_K2,birthyear,numeric,-0.002744835200313211,312
vr12_psc,vr12_psc_K2,gender,categorical,0.005589437577089783,312
vr12_psc,vr12_psc_K2,birthyear,numeric,0.1628445100086314,312
gvas_result,gvas_result_K2,gender,categorical,0.0001836359827233069,312
gvas_result,gvas_result_K2,birthyear,numeric,0.060588221636341616,312
pgic_result,pgic_result_K2,gender,categorical,0.0011402527843304294,312
pgic_result,pgic_result_K2,birthyear,numeric,0.04919063595477996,312
midas_result,midas_result_K3,gender,categorical,0.005738947985816599,244
midas_result,midas_result_K3,birthyear,numeric,0.03935519630458002,244
dass_depression,dass_depression_K3,gender,categorical,0.006601031329208382,244
dass_depression,dass_depression_K3,birthyear,numeric,-0.07499651802087744,244
dass_fear,dass_fear_K3,gender,categorical,0.005240983499095918,244
dass_fear,dass_fear_K3,birthyear,numeric,-0.03802453570212783,244
dass_stress,dass_stress_K3,gender,categorical,0.014205333381438904,244
dass_stress,dass_stress_K3,birthyear,numeric,-0.030405507372696122,244
vr12_msc,vr12_msc_K3,gender,categorical,0.02619287985670591,244
vr12_msc,vr12_msc_K3,birthyear,numeric,0.035902171664048625,244
vr12_psc,vr12_psc_K3,gender,categorical,0.004198816668278546,244
vr12_psc,vr12_psc_K3,birthyear,numeric,0.07154030512107747,244
gvas_result,gvas_result_K3,gender,categorical,0.0006506797957459777,244
gvas_result,gvas_result_K3,birthyear,numeric,0.03567478936177144,244
pgic_result,pgic_result_K3,gender,categorical,0.0020466170205068706,244
pgic_result,pgic_result_K3,birthyear,numeric,0.06565624907193227,244
midas_result,midas_result_K4,gender,categorical,0.0003562870938010424,202
midas_result,midas_result_K4,birthyear,numeric,0.03026314349907113,202
dass_depression,dass_depression_K4,gender,categorical,0.0027666579216646726,202
dass_depression,dass_depression_K4,birthyear,numeric,-0.061454514399324686,202
dass_fear,dass_fear_K4,gender,categorical,0.0005355558239875083,202
dass_fear,dass_fear_K4,birthyear,numeric,-0.11457579867611133,202
dass_stress,dass_stress_K4,gender,categorical,0.007294453957954613,202
dass_stress,dass_stress_K4,birthyear,numeric,-0.14558744010374644,202
vr12_msc,vr12_msc_K4,gender,categorical,0.0008106159194864349,202
vr12_msc,vr12_msc_K4,birthyear,numeric,0.06695739404761689,202
vr12_psc,vr12_psc_K4,gender,categorical,0.012124263332584949,202
vr12_psc,vr12_psc_K4,birthyear,numeric,0.09351342558882896,202
gvas_result,gvas_result_K4,gender,categorical,0.0014397065776624262,202
gvas_result,gvas_result_K4,birthyear,numeric,0.013135343911646558,202
pgic_result,pgic_result_K4,gender,categorical,0.001237820233303498,202
pgic_result,pgic_result_K4,birthyear,numeric,-0.01977675239779622,202
midas_result,midas_result_K5,gender,categorical,0.00011166811799331879,176
midas_result,midas_result_K5,birthyear,numeric,-0.014110222664902581,176
dass_depression,dass_depression_K5,gender,categorical,0.0004054500918363233,176
dass_depression,dass_depression_K5,birthyear,numeric,-0.12987903666322648,176
dass_fear,dass_fear_K5,gender,categorical,0.009645430545581299,176
dass_fear,dass_fear_K5,birthyear,numeric,-0.04329538097254786,176
dass_stress,dass_stress_K5,gender,categorical,0.0010921218452735828,176
dass_stress,dass_stress_K5,birthyear,numeric,-0.11858363533974424,176
vr12_msc,vr12_msc_K5,gender,categorical,0.0020981006350499144,176
vr12_msc,vr12_msc_K5,birthyear,numeric,0.052660442483430256,176
vr12_psc,vr12_psc_K5,gender,categorical,0.028678571119013594,176
vr12_psc,vr12_psc_K5,birthyear,numeric,0.16880134037767916,176
gvas_result,gvas_result_K5,gender,categorical,0.023509655588949203,176
gvas_result,gvas_result_K5,birthyear,numeric,0.09247912151585287,176
pgic_result,pgic_result_K5,gender,categorical,0.0023450088563818456,176
pgic_result,pgic_result_K5,birthyear,numeric,-0.15105837722379842,176
midas_result,midas_result_K6,gender,categorical,0.01016599474176348,140
midas_result,midas_result_K6,birthyear,numeric,-0.0724812265377106,140
dass_depression,dass_depression_K6,gender,categorical,0.0020982647586402525,140
dass_depression,dass_depression_K6,birthyear,numeric,-0.09683380843240563,140
dass_fear,dass_fear_K6,gender,categorical,0.005196394213065253,140
dass_fear,dass_fear_K6,birthyear,numeric,-0.08790062660983862,140
dass_stress,dass_stress_K6,gender,categorical,0.00015222313032098802,140
dass_stress,dass_stress_K6,birthyear,numeric,-0.11581717696846691,140
vr12_msc,vr12_msc_K6,gender,categorical,0.00015110027950919052,140
vr12_msc,vr12_msc_K6,birthyear,numeric,0.07348545695062361,140
vr12_psc,vr12_psc_K6,gender,categorical,1.0954863170213066e-05,140
vr12_psc,vr12_psc_K6,birthyear,numeric,0.12063454166295962,140
gvas_result,gvas_result_K6,gender,categorical,9.822712682807532e-05,140
gvas_result,gvas_result_K6,birthyear,numeric,-0.00805490883294288,140
pgic_result,pgic_result_K6,gender,categorical,0.00116767865483419,140
pgic_result,pgic_result_K6,birthyear,numeric,0.00046686123396095125,140
midas_result,midas_result_K7,gender,categorical,0.00020016403817567078,119
midas_result,midas_result_K7,birthyear,numeric,0.16132561981743912,119
dass_depression,dass_depression_K7,gender,categorical,0.00021449932088967567,119
dass_depression,dass_depression_K7,birthyear,numeric,-0.05755288386443431,119
dass_fear,dass_fear_K7,gender,categorical,0.02202965252301901,119
dass_fear,dass_fear_K7,birthyear,numeric,-0.05737242924703287,119
dass_stress,dass_stress_K7,gender,categorical,0.0069410098924101655,119
dass_stress,dass_stress_K7,birthyear,numeric,-0.11799056046735631,119
vr12_msc,vr12_msc_K7,gender,categorical,2.3854455294782618e-05,119
vr12_msc,vr12_msc_K7,birthyear,numeric,-0.06278858584666347,119
vr12_psc,vr12_psc_K7,gender,categorical,0.0036641047208274048,119
vr12_psc,vr12_psc_K7,birthyear,numeric,0.06505444720608687,119
gvas_result,gvas_result_K7,gender,categorical,0.0024396555898855282,119
gvas_result,gvas_result_K7,birthyear,numeric,-0.001694444228917036,119
pgic_result,pgic_result_K7,gender,categorical,0.0009795233932409875,119
pgic_result,pgic_result_K7,birthyear,numeric,-0.08862663670965801,119
midas_result,midas_result_K8,gender,categorical,0.0009179148498183636,86
midas_result,midas_result_K8,birthyear,numeric,0.07430142276951358,86
dass_depression,dass_depression_K8,gender,categorical,0.003883306378202577,86
dass_depression,dass_depression_K8,birthyear,numeric,-0.010883879168024456,86
dass_fear,dass_fear_K8,gender,categorical,0.019732166818275287,86
dass_fear,dass_fear_K8,birthyear,numeric,-0.03948559970459867,86
dass_stress,dass_stress_K8,gender,categorical,0.010463755647880043,86
dass_stress,dass_stress_K8,birthyear,numeric,-0.015189414838071763,86
vr12_msc,vr12_msc_K8,gender,categorical,0.012343858671862079,86
vr12_msc,vr12_msc_K8,birthyear,numeric,-0.014992025780668383,86
vr12_psc,vr12_psc_K8,gender,categorical,2.7996501627713798e-05,86
vr12_psc,vr12_psc_K8,birthyear,numeric,0.1779594999783369,86
gvas_result,gvas_result_K8,gender,categorical,0.00012234216609448645,86
gvas_result,gvas_result_K8,birthyear,numeric,-0.0002738755900297694,86
pgic_result,pgic_result_K8,gender,categorical,3.181268689953531e-05,86
pgic_result,pgic_result_K8,birthyear,numeric,-0.05408996316759683,86
midas_result,midas_result_K9,gender,categorical,0.013684080072345622,75
midas_result,midas_result_K9,birthyear,numeric,-0.07269205961539002,75
dass_depression,dass_depression_K9,gender,categorical,0.014775304969938839,75
dass_depression,dass_depression_K9,birthyear,numeric,0.12350694344830493,75
dass_fear,dass_fear_K9,gender,categorical,0.043703199872075486,75
dass_fear,dass_fear_K9,birthyear,numeric,0.1208983571155205,75
dass_stress,dass_stress_K9,gender,categorical,0.008399886151386971,75
dass_stress,dass_stress_K9,birthyear,numeric,0.03138721269178096,75
vr12_msc,vr12_msc_K9,gender,categorical,0.0010519266000412132,75
vr12_msc,vr12_msc_K9,birthyear,numeric,-0.08773518381805012,75
vr12_psc,vr12_psc_K9,gender,categorical,0.01732730597956093,75
vr12_psc,vr12_psc_K9,birthyear,numeric,0.09425517638476552,75
gvas_result,gvas_result_K9,gender,categorical,0.014305338447447843,75
gvas_result,gvas_result_K9,birthyear,numeric,-0.038486737419410035,75
pgic_result,pgic_result_K9,gender,categorical,0.012829025192511695,75
pgic_result,pgic_result_K9,birthyear,numeric,0.14812582641820876,75
midas_result,midas_result_K,gender,categorical,1.7039556048996485e-06,895
midas_result,midas_result_K,birthyear,numeric,0.018328533586232147,895
dass_depression,dass_depression_K,gender,categorical,0.00020669633310905415,895
dass_depression,dass_depression_K,birthyear,numeric,-0.0299708400254997,895
dass_fear,dass_fear_K,gender,categorical,0.0015589655038800788,895
dass_fear,dass_fear_K,birthyear,numeric,0.0024872330805414244,895
dass_stress,dass_stress_K,gender,categorical,0.0033581676756863463,895
dass_stress,dass_stress_K,birthyear,numeric,-0.02333864623026787,895
vr12_msc,vr12_msc_K,gender,categorical,0.00295298731584976,895
vr12_msc,vr12_msc_K,birthyear,numeric,0.011748531200447365,895
vr12_psc,vr12_psc_K,gender,categorical,0.007535689621511574,895
vr12_psc,vr12_psc_K,birthyear,numeric,0.15753251206942614,895
gvas_result,gvas_result_K,gender,categorical,0.00199117504111838,895
gvas_result,gvas_result_K,birthyear,numeric,0.049814079455688394,895
pgic_result,pgic_result_K,gender,categorical,0.006502692101903302,431
pgic_result,pgic_result_K,birthyear,numeric,0.04984125981726224,431
